"Player","Team","Bye","POS","Underdog","ADP"
"Ja'Marr Chase","CIN","10","WR1","1","1"
"Justin Jefferson","MIN","6","WR2","2","2"
"Bijan Robinson","ATL","5","RB1","3","3"
"Saquon Barkley","PHI","9","RB2","4","4"
"CeeDee Lamb","DAL","10","WR3","5","5"
"Jahmyr Gibbs","DET","8","RB3","6","6"
"Christian McCaffrey","SF","14","RB4","7","7"
"Puka Nacua","LAR","8","WR4","8","8"
"Malik Nabers","NYG","14","WR5","9","9"
"Nico Collins","HOU","6","WR6","10","10"
"Amon-Ra St. Brown","DET","8","WR7","11","11"
"Ashton Jeanty","LV","8","RB5","12","12"
"Brian Thomas Jr.","JAC","8","WR8","13","13"
"Derrick Henry","BAL","7","RB6","14","14"
"De'Von Achane","MIA","12","RB7","15","15"
"Drake London","ATL","5","WR9","16","16"
"A.J. Brown","PHI","9","WR10","17","17"
"Ladd McConkey","LAC","12","WR11","18","18"
"Brock Bowers","LV","8","TE1","19","19"
"Jonathan Taylor","IND","11","RB8","20","20"
"Rashee Rice","KC","10","WR12","21","21"
"Bucky Irving","TB","9","RB9","22","22"
"Tyreek Hill","MIA","12","WR13","23","23"
"Tee Higgins","CIN","10","WR14","24","24"
"Josh Jacobs","GB","5","RB10","25","25"
"Trey McBride","ARI","8","TE2","26","26"
"Chase Brown","CIN","10","RB11","27","27"
"Marvin Harrison Jr.","ARI","8","WR15","28","28"
"Garrett Wilson","NYJ","9","WR16","29","29"
"Davante Adams","LAR","8","WR17","30","30"
"Josh Allen","BUF","7","QB1","31","31"
"Terry McLaurin","WAS","12","WR18","32","32"
"Jaxon Smith-Njigba","SEA","8","WR19","33","33"
"Lamar Jackson","BAL","7","QB2","34","34"
"Breece Hall","NYJ","9","RB12","35","35"
"Kyren Williams","LAR","8","RB13","36","36"
"Mike Evans","TB","9","WR20","37","37"
"Jayden Daniels","WAS","12","QB3","38","38"
"George Kittle","SF","14","TE3","39","39"
"Tetairoa McMillan","CAR","14","WR21","40","40"
"Omarion Hampton","LAC","12","RB14","41","41"
"DJ Moore","CHI","5","WR22","42","42"
"James Cook","BUF","7","RB15","43","43"
"DK Metcalf","PIT","5","WR23","44","44"
"Jalen Hurts","PHI","9","QB4","45","45"
"Xavier Worthy","KC","10","WR24","46","46"
"Jameson Williams","DET","8","WR25","47","47"
"DeVonta Smith","PHI","9","WR26","48","48"
"Courtland Sutton","DEN","12","WR27","49","49"
"George Pickens","DAL","10","WR28","50","50"
"Chuba Hubbard","CAR","14","RB16","51","51"
"Kenneth Walker III","SEA","8","RB17","52","52"
"Jaylen Waddle","MIA","12","WR29","53","53"
"Travis Hunter","JAC","8","WR30","54","54"
"Zay Flowers","BAL","7","WR31","55","55"
"Calvin Ridley","TEN","10","WR32","56","56"
"Alvin Kamara","NO","11","RB18","57","57"
"Joe Mixon","HOU","6","RB19","58","58"
"Rome Odunze","CHI","5","WR33","59","59"
"Joe Burrow","CIN","10","QB5","60","60"
"James Conner","ARI","8","RB20","61","61"
"RJ Harvey","DEN","12","RB21","62","62"
"Jauan Jennings","SF","14","WR34","63","63"
"Chris Olave","NO","11","WR35","64","64"
"TreVeyon Henderson","NE","14","RB22","65","65"
"Jordan Addison","MIN","6","WR36","66","66"
"Chris Godwin","TB","9","WR37","67","67"
"Jerry Jeudy","CLE","9","WR38","68","68"
"Deebo Samuel Sr.","WAS","12","WR39","69","69"
"David Montgomery","DET","8","RB23","70","70"
"Kaleb Johnson","PIT","5","RB24","71","71"
"Jakobi Meyers","LV","8","WR40","72","72"
"Ricky Pearsall","SF","14","WR41","73","73"
"D'Andre Swift","CHI","5","RB25","74","74"
"Sam LaPorta","DET","8","TE4","75","75"
"Isiah Pacheco","KC","10","RB26","76","76"
"Matthew Golden","GB","5","WR42","77","77"
"Jayden Reed","GB","5","WR43","78","78"
"Stefon Diggs","NE","14","WR44","79","79"
"Khalil Shakir","BUF","7","WR45","80","80"
"Tony Pollard","TEN","10","RB27","81","81"
"Patrick Mahomes II","KC","10","QB6","82","82"
"Josh Downs","IND","11","WR46","83","83"
"Aaron Jones Sr.","MIN","6","RB28","84","84"
"Darnell Mooney","ATL","5","WR47","85","85"
"Quinshon Judkins","CLE","9","RB29","86","86"
"Brian Robinson Jr.","WAS","12","RB30","87","87"
"Emeka Egbuka","TB","9","WR48","88","88"
"T.J. Hockenson","MIN","6","TE5","89","89"
"Brandon Aiyuk","SF","14","WR49","90","90"
"Michael Pittman Jr.","IND","11","WR50","91","91"
"Jordan Mason","MIN","6","RB31","92","92"
"Baker Mayfield","TB","9","QB7","93","93"
"Cooper Kupp","SEA","8","WR51","94","94"
"Kyler Murray","ARI","8","QB8","95","95"
"Jayden Higgins","HOU","6","WR52","96","96"
"Jaylen Warren","PIT","5","RB32","97","97"
"Travis Etienne Jr.","JAC","8","RB33","98","98"
"Bo Nix","DEN","12","QB9","99","99"
"Travis Kelce","KC","10","TE6","100","100"
"Justin Fields","NYJ","9","QB10","101","101"
"Keon Coleman","BUF","7","WR53","102","102"
"Brock Purdy","SF","14","QB11","103","103"
"Tyrone Tracy Jr.","NYG","14","RB34","104","104"
"Mark Andrews","BAL","7","TE7","105","105"
"Rashid Shaheed","NO","11","WR54","106","106"
"Evan Engram","DEN","12","TE8","107","107"
"Tre Harris","LAC","12","WR55","108","108"
"Caleb Williams","CHI","5","QB12","109","109"
"Cam Skattebo","NYG","14","RB35","110","110"
"Dak Prescott","DAL","10","QB13","111","111"
"Rashod Bateman","BAL","7","WR56","112","112"
"J.K. Dobbins","DEN","12","RB36","113","113"
"Zach Charbonnet","SEA","8","RB37","114","114"
"Drake Maye","NE","14","QB14","115","115"
"Najee Harris","LAC","12","RB38","116","116"
"Luther Burden III","CHI","5","WR57","117","117"
"Jared Goff","DET","8","QB15","118","118"
"Tyler Warren","IND","11","TE9","119","119"
"David Njoku","CLE","9","TE10","120","120"
"Rhamondre Stevenson","NE","14","RB39","121","121"
"J.J. McCarthy","MIN","6","QB16","122","122"
"Christian Kirk","HOU","6","WR58","123","123"
"Tucker Kraft","GB","5","TE11","124","124"
"Tyjae Spears","TEN","10","RB40","125","125"
"Justin Herbert","LAC","12","QB17","126","126"
"Jordan Love","GB","5","QB18","127","127"
"Marvin Mims Jr.","DEN","12","WR59","128","128"
"Javonte Williams","DAL","10","RB41","129","129"
"Colston Loveland","CHI","5","TE12","130","130"
"Bhayshul Tuten","JAC","8","RB42","131","131"
"Trevor Lawrence","JAC","8","QB19","132","132"
"C.J. Stroud","HOU","6","QB20","133","133"
"Kyle Williams","NE","14","WR60","134","134"
"Ray Davis","BUF","7","RB43","135","135"
"Marquise Brown","KC","10","WR61","136","136"
"Dalton Kincaid","BUF","7","TE13","137","137"
"Dallas Goedert","PHI","9","TE14","138","138"
"Trey Benson","ARI","8","RB44","139","139"
"Rachaad White","TB","9","RB45","140","140"
"Isaiah Likely","BAL","7","TE15","141","141"
"Michael Penix Jr.","ATL","5","QB21","142","142"
"Isaac Guerendo","SF","14","RB46","143","143"
"Jake Ferguson","DAL","10","TE16","144","144"
"Cedric Tillman","CLE","9","WR62","145","145"
"Quentin Johnston","LAC","12","WR63","146","146"
"Jaydon Blue","DAL","10","RB47","147","147"
"Xavier Legette","CAR","14","WR64","148","148"
"Tua Tagovailoa","MIA","12","QB22","149","149"
"Tyler Allgeier","ATL","5","RB48","150","150"
"Austin Ekeler","WAS","12","RB49","151","151"
"Bryce Young","CAR","14","QB23","152","152"
"Matthew Stafford","LAR","8","QB24","153","153"
"Romeo Doubs","GB","5","WR65","154","154"
"Jack Bech","LV","8","WR66","155","155"
"Kyle Pitts","ATL","5","TE17","156","156"
"Joshua Palmer","BUF","7","WR67","157","157"
"Brenton Strange","JAC","8","TE18","158","158"
"Cameron Ward","TEN","10","QB25","159","159"
"Tank Bigsby","JAC","8","RB50","160","160"
"Jaylen Wright","MIA","12","RB51","161","161"
"Jonnu Smith","PIT","5","TE19","162","162"
"Geno Smith","LV","8","QB26","163","163"
"Pat Bryant","DEN","12","WR68","164","164"
"Hunter Henry","NE","14","TE20","165","165"
"Adam Thielen","CAR","14","WR69","166","166"
"Jalen McMillan","TB","9","WR70","167","167"
"DeMario Douglas","NE","14","WR71","168","168"
"Roschon Johnson","CHI","5","RB52","169","169"
"Mike Gesicki","CIN","10","TE21","170","170"
"Braelon Allen","NYJ","9","RB53","171","171"
"Wan'Dale Robinson","NYG","14","WR72","172","172"
"Zach Ertz","WAS","12","TE22","173","173"
"Dylan Sampson","CLE","9","RB54","174","174"
"Rico Dowdle","CAR","14","RB55","175","175"
"Sam Darnold","SEA","8","QB27","176","176"
"Will Shipley","PHI","9","RB56","177","177"
"Alec Pierce","IND","11","WR73","178","178"
"Michael Wilson","ARI","8","WR74","179","179"
"Cade Otton","TB","9","TE23","180","180"
"Jaylin Noel","HOU","6","WR75","181","181"
"Aaron Rodgers","PIT","5","QB28","182","182"
"Dyami Brown","JAC","8","WR76","183","183"
"Nick Chubb","HOU","6","RB57","184","184"
"Miles Sanders","DAL","10","RB58","185","185"
"Mason Taylor","NYJ","9","TE24","186","186"
"DeAndre Hopkins","BAL","7","WR77","187","187"
"Chig Okonkwo","TEN","10","TE25","188","188"
"Darren Waller","MIA","12","TE26","189","189"
"Jerome Ford","CLE","9","RB59","190","190"
"Dont'e Thornton Jr.","LV","8","WR78","191","191"
"Darius Slayton","NYG","14","WR79","192","192"
"DJ Giddens","IND","11","RB60","193","193"
"Calvin Austin III","PIT","5","WR80","194","194"
"Justice Hill","BAL","7","RB61","195","195"
"MarShawn Lloyd","GB","5","RB62","196","196"
"Anthony Richardson Sr.","IND","11","QB29","197","197"
"Keenan Allen","","","WR81","198","198"
"Dalton Schultz","HOU","6","TE27","199","199"
"Jarquez Hunter","LAR","8","RB63","200","200"
"Brashard Smith","KC","10","RB64","201","201"
"Ja'Tavion Sanders","CAR","14","TE28","202","202"
"Daniel Jones","IND","11","QB30","203","203"
"Andrei Iosivas","CIN","10","WR82","204","204"
"Tutu Atwell","LAR","8","WR83","205","205"
"Juwan Johnson","NO","11","TE29","206","206"
"Tyler Lockett","TEN","10","WR84","207","207"
"Tyler Shough","NO","11","QB31","208","208"
"Blake Corum","LAR","8","RB65","209","209"
"Jalen Coker","CAR","14","WR85","210","210"
"Pat Freiermuth","PIT","5","TE30","211","211"
"Kareem Hunt","KC","10","RB66","212","212"
"Keaton Mitchell","BAL","7","RB67","213","213"
"Theo Johnson","NYG","14","TE31","214","214"
"Dontayvion Wicks","GB","5","WR86","215","215"
"Russell Wilson","NYG","14","QB32","216","216"
"Elic Ayomanor","TEN","10","WR87","217","217"
"Adonai Mitchell","IND","11","WR88","218","218"
"Terrance Ferguson","LAR","8","TE32","219","219"
"Jaxson Dart","NYG","14","QB33","220","220"
"Tahj Brooks","CIN","10","RB68","221","221"
"Ray-Ray McCloud III","ATL","5","WR89","222","222"
"Raheem Mostert","LV","8","RB69","223","223"
"Noah Gray","KC","10","TE33","224","224"
"Troy Franklin","DEN","12","WR90","225","225"
"Jalen Nailor","MIN","6","WR91","226","226"
"Kyle Monangai","CHI","5","RB70","227","227"
"Elijah Moore","BUF","7","WR92","228","228"
"Isaac TeSlaa","DET","8","WR93","229","229"
"Tyler Conklin","LAC","12","TE34","230","230"
"Jalen Tolbert","DAL","10","WR94","231","231"
"Marquez Valdes-Scantling","SEA","8","WR95","232","232"
"Elijah Arroyo","SEA","8","TE35","233","233"
"Ben Sinnott","WAS","12","TE36","234","234"
"Noah Brown","WAS","12","WR96","235","235"
"Jalen Royals","KC","10","WR97","236","236"
"Jacory Croskey-Merritt","WAS","12","RB71","237","237"
"Malik Washington","MIA","12","WR98","238","238"
"Diontae Johnson","CLE","9","WR99","239","239"
"Roman Wilson","PIT","5","WR100","240","240"
"Cole Kmet","CHI","5","TE37","241","241"
"Devin Neal","NO","11","RB72","242","242"
"Jordan James","SF","14","RB73","243","243"
"Harold Fannin Jr.","CLE","9","TE38","244","244"
"Jermaine Burton","CIN","10","WR101","245","245"
"Sean Tucker","TB","9","RB74","246","246"
"Tre Tucker","LV","8","WR102","247","247"
"Amari Cooper","","","WR103","248","248"
"Jordan Whittington","LAR","8","WR104","249","249"
"Tyler Higbee","LAR","8","TE39","250","250"
"Devaughn Vele","DEN","12","WR105","251","251"
"Josh Reynolds","NYJ","9","WR106","252","252"
"Joe Flacco","CLE","9","QB34","253","253"
"Zack Moss","CIN","10","RB75","254","254"
"Jalen Milroe","SEA","8","QB35","255","255"
"Taysom Hill","NO","11","TE40","256","256"
"Kendre Miller","NO","11","RB76","257","257"
"Shedeur Sanders","CLE","9","QB36","258","258"
"Oronde Gadsden II","LAC","12","TE41","259","259"
"Mike Williams","","","WR107","260","260"
"Nick Westbrook-Ikhine","MIA","12","WR108","261","261"
"Tory Horton","SEA","8","WR109","262","262"
"Ollie Gordon II","MIA","12","RB77","263","263"
"Kayshon Boutte","NE","14","WR110","264","264"
"Demarcus Robinson","SF","14","WR111","265","265"
"KaVontae Turpin","DAL","10","WR112","266","266"
"Jaylin Lane","WAS","12","WR113","267","267"
"Xavier Restrepo","TEN","10","WR114","268","268"
"Ty Johnson","BUF","7","RB78","269","269"
"Trevor Etienne","CAR","14","RB79","270","270"
"Woody Marks","HOU","6","RB80","271","271"
"Jahan Dotson","PHI","9","WR115","272","272"
"Allen Lazard","NYJ","9","WR116","273","273"
"Tim Patrick","DET","8","WR117","274","274"
"Luke McCaffrey","WAS","12","WR118","275","275"
"Curtis Samuel","BUF","7","WR119","276","276"
"Tai Felton","MIN","6","WR120","277","277"
"Parker Washington","JAC","8","WR121","278","278"
"Isaiah Davis","NYJ","9","RB81","279","279"
"Christian Watson","GB","5","WR122","280","280"
"Elijah Mitchell","KC","10","RB82","281","281"
"Savion Williams","GB","5","WR123","282","282"
"Jacob Cowing","SF","14","WR124","283","283"
"Will Dissly","LAC","12","TE42","284","284"
"Tank Dell","HOU","6","WR125","285","285"
"Kirk Cousins","ATL","5","QB37","286","286"
"Brandin Cooks","NO","11","WR126","287","287"
"A.J. Dillon","PHI","9","RB83","288","288"
"Noah Fant","SEA","8","TE43","289","289"
"Chimere Dike","TEN","10","WR127","290","290"
"Emanuel Wilson","GB","5","RB84","291","291"
"Greg Dortch","ARI","8","WR128","292","292"
"Mack Hollins","NE","14","WR129","293","293"
"Luke Musgrave","GB","5","TE44","294","294"
"Devontez Walker","BAL","7","WR130","295","295"
"Jaleel McLaughlin","DEN","12","RB85","296","296"
"Arian Smith","NYJ","9","WR131","297","297"
"Joe Milton III","DAL","10","QB38","298","298"
"Jordan Watkins","SF","14","WR132","299","299"
"Spencer Rattler","NO","11","QB39","300","300"
"Michael Mayer","LV","8","TE45","301","301"
"Dawson Knox","BUF","7","TE46","302","302"
"Austin Hooper","NE","14","TE47","303","303"
"Damien Martinez","SEA","8","RB86","304","304"
"Luke Schoonmaker","DAL","10","TE48","305","305"
"Jalin Hyatt","NYG","14","WR133","306","306"
"Audric Estime","DEN","12","RB87","307","307"
"Brock Wright","DET","8","TE49","308","308"
"Charlie Woerner","ATL","5","TE50","309","309"
"Jimmy Horn Jr.","CAR","14","WR134","310","310"
"Jonathon Brooks","CAR","14","RB88","311","311"
"Olamide Zaccheaus","CHI","5","WR135","312","312"
"Devin Singletary","NYG","14","RB89","313","313"
"Hunter Renfrow","CAR","14","WR136","314","314"
"AJ Barner","SEA","8","TE51","315","315"
"Bub Means","NO","11","WR137","316","316"
"Dillon Gabriel","CLE","9","QB40","317","317"
"Mitchell Evans","CAR","14","TE52","318","318"
"Quintin Morris","JAC","8","TE53","319","319"
"John Metchie III","HOU","6","WR138","320","320"
"Tip Reiman","ARI","8","TE54","321","321"
"Durham Smythe","CHI","5","TE55","322","322"
"P.J. Walker","","","QB41","323","323"
"Efton Chism III","NE","14","WR139","324","324"
"Duke Johnson Jr.","","","RB90","325","325"
"Derrick Gore","","","RB91","326","326"
"Chris Evans","","","RB92","327","327"
"Malachi Corley","NYJ","9","WR140","328","328"
"Kendrick Bourne","NE","14","WR141","329","329"
"Khalil Herbert","IND","11","RB93","330","330"
"Samaje Perine","CIN","10","RB94","331","331"
"Kenneth Gainwell","PIT","5","RB95","332","332"
"Emari Demercado","ARI","8","RB96","333","333"
"Gunnar Helm","TEN","10","TE56","334","334"
"Alexander Mattison","MIA","12","RB97","335","335"
"Tez Johnson","TB","9","WR142","336","336"
"Ty Chandler","MIN","6","RB98","337","337"
"Jameis Winston","NYG","14","QB42","338","338"
"Cam Akers","NO","11","RB99","339","339"
"Cade Stover","HOU","6","TE57","340","340"
"Julian Hill","MIA","12","TE58","341","341"
"KhaDarel Hodge","ATL","5","WR143","342","342"
"Cordarrelle Patterson","PIT","5","RB100","343","343"
"Zay Jones","ARI","8","WR144","344","344"
"Kenny Pickett","CLE","9","QB43","345","345"
"Treylon Burks","TEN","10","WR145","346","346"
"Jake Bobo","SEA","8","WR146","347","347"
"Malik Willis","GB","5","QB44","348","348"
"Marcus Mariota","WAS","12","QB45","349","349"
"Mac Jones","SF","14","QB46","350","350"
"Drew Lock","SEA","8","QB47","351","351"
"KeAndre Lambert-Smith","LAC","12","WR147","352","352"
"Phil Mafah","DAL","10","RB101","353","353"
"Raheim Sanders","LAC","12","RB102","354","354"
"Kaden Prather","BUF","7","WR148","355","355"
"Leroy Watson IV","MIN","6","TE59","356","356"
"Thomas Fidone II","NYG","14","TE60","357","357"
"LeQuint Allen Jr.","JAC","8","RB103","358","358"
"Austin Reed","CHI","5","QB48","359","359"
"Caleb Lohner","DEN","12","TE61","360","360"
"C.J. Ham","MIN","6","RB104","361","361"
"Jared Wiley","KC","10","TE62","362","362"
"Chris Carson","","","RB105","363","363"
"J.J. Taylor","HOU","6","RB106","364","364"
"Frank Gore Jr.","BUF","7","RB107","365","365"
"Dameon Pierce","HOU","6","RB108","366","366"
"Antonio Gibson","NE","14","RB109","367","367"
"Mason Rudolph","PIT","5","QB49","368","368"
"Stone Smartt","NYJ","9","TE63","369","369"
"Tyler Goodson","IND","11","RB110","370","370"
"Kalif Raymond","DET","8","WR149","371","371"
"Derius Davis","LAC","12","WR150","372","372"
"JuJu Smith-Schuster","KC","10","WR151","373","373"
"Kenny McIntosh","SEA","8","RB111","374","374"
"Van Jefferson","TEN","10","WR152","375","375"
"Ja'Lynn Polk","NE","14","WR153","376","376"
"Colby Parkinson","LAR","8","TE64","377","377"
"Josh Oliver","MIN","6","TE65","378","378"
"Grant Calcaterra","PHI","9","TE66","379","379"
"Brevyn Spann-Ford","DAL","10","TE67","380","380"
"Johnny Wilson","PHI","9","WR154","381","381"
"Zamir White","LV","8","RB112","382","382"
"Chris Brooks","GB","5","RB113","383","383"
"Mecole Hardman Jr.","GB","5","WR155","384","384"
"Nick Mullens","JAC","8","QB50","385","385"
"Jake Browning","CIN","10","QB51","386","386"
"Tyrod Taylor","NYJ","9","QB52","387","387"
"Aidan O'Connell","LV","8","QB53","388","388"
"Andy Dalton","CAR","14","QB54","389","389"
"Cooper Rush","BAL","7","QB55","390","390"
"Xavier Gipson","NYJ","9","WR156","391","391"
"Craig Reynolds","DET","8","RB114","392","392"
"Rondale Moore","MIN","6","WR157","393","393"
"Jonathan Mingo","DAL","10","WR158","394","394"
"Sione Vaki","DET","8","RB115","395","395"
"Quinn Ewers","MIA","12","QB56","396","396"
"Ainias Smith","PHI","9","WR159","397","397"
"Jelani Woods","IND","11","TE68","398","398"
"Tyquan Thornton","KC","10","WR160","399","399"
"Jake Briningstool","KC","10","TE69","400","400"
"Zach Wilson","MIA","12","QB57","401","401"
"Jamari Thrash","CLE","9","WR161","402","402"
"Chase Claypool","","","WR162","403","403"
"Jalen Wayne","","","WR163","404","404"
"Jamal Agnew","ATL","5","WR164","405","405"
"Tre Stewart","MIN","6","RB116","406","406"
"","","","1","407","0"
"Isaiah Neyor","SF","14","WR165","409","407"
"K.J. Osborn","WAS","12","WR166","410","408"
"Gabe Davis","","","WR167","411","409"
"E.J. Jenkins","PHI","9","TE70","412","410"
"Tommy Mellott","LV","8","QB58","413","411"
"Isaiah Bond","","","WR168","414","412"
"Nick Nash","ATL","5","WR169","415","413"
""
""